id;name;last_name;phone
1;reciprocal payment;Gibson;1-476-183-0675 x794
2;disintermediate array Functionality;Hyatt;1-899-353-6920
3;Oregon Program;Prosacco;023.988.7406 x882
4;Springs Checking Account;Schmitt;1-889-017-5329
5;content Home Loan Account Corporate;Fadel;1-149-066-8611
6;back-end;Rolfson;(411) 840-1740 x629
7;Multi-layered Branding;Shields;223.083.4532 x75104
8;Via Corporate Enhanced;Nienow;1-145-988-8293 x6513
9;Small;Durgan;(090) 133-1202 x1393
10;sexy Gorgeous;Robel;1-356-491-1489 x38885
